StockCode,Description,Category,TotalQty,TotalRev,AvgPrice,NumOrders,AvgDailyQty,DemandStd,ForecastedDailyQty,EOQ,SafetyStock,ReorderPoint,Stock30Days,ReorderQty,InventoryStatus
P0123,Electronics Item 123,Electronics,2291,322277.58,140.76287148594378,498,3.1426611796982167,2.249739497407333,3.694723477990452,62.0,10.0,36.0,110.84170433971356,72.0,Stockout Risk
P0178,Electronics Item 178,Electronics,2023,286643.23,141.9116210045662,438,2.775034293552812,2.267735331387368,3.2625166285354363,58.0,10.0,33.0,97.87549885606307,68.0,Optimal
P0096,Electronics Item 096,Electronics,2317,282720.71,122.02269841269842,504,3.178326474622771,2.3565129540080565,3.736653993236089,67.0,10.0,36.0,112.09961979708264,77.0,Stockout Risk
P0067,Electronics Item 067,Electronics,2050,274208.44,133.6228988764045,445,2.8120713305898493,2.2138892926662344,3.3060598559059047,60.0,10.0,33.0,99.18179567717712,70.0,Overstock Risk
P0166,Electronics Item 166,Electronics,2202,263682.83,119.99485355648535,478,3.0205761316872426,2.2912002738240043,3.551192098880391,66.0,10.0,35.0,106.53576296641172,76.0,Optimal
P0016,Electronics Item 016,Electronics,2225,210462.08,94.8144050104384,478,3.052126200274349,2.242451760242231,3.5882844777515306,74.0,10.0,35.0,107.64853433254592,84.0,Stockout Risk
P0155,Electronics Item 155,Electronics,2292,209154.43,91.29516,500,3.1440329218106995,2.2398611465695413,3.696336190115285,77.0,10.0,36.0,110.89008570345854,87.0,Optimal
P0021,Electronics Item 021,Electronics,2268,206526.69,90.89548780487806,492,3.111111111111111,2.2021435450343074,3.657631099119313,77.0,10.0,36.0,109.7289329735794,87.0,Stockout Risk
P0189,Electronics Item 189,Electronics,2032,197367.11,97.26361948955918,431,2.787379972565158,2.325739648206439,3.277031037658926,70.0,10.0,33.0,98.31093112976777,80.0,Stockout Risk
P0073,Garden Item 073,Garden,2122,181295.51,85.33138461538461,455,2.9108367626886147,2.332282374770351,3.42217512889382,77.0,10.0,34.0,102.66525386681458,87.0,Overstock Risk
P0071,Garden Item 071,Garden,2382,177270.14,74.25928294573643,516,3.2674897119341564,2.2837642473562862,3.841480281350178,87.0,10.0,37.0,115.24440844050534,97.0,Optimal
P0134,Garden Item 134,Garden,2223,169025.12,76.02745833333333,480,3.049382716049383,2.3044530052584435,3.5850590535018667,83.0,10.0,35.0,107.551771605056,93.0,Stockout Risk
P0090,Garden Item 090,Garden,2231,164894.63,73.81975409836066,488,3.0603566529492454,2.236292837540016,3.597960750500523,84.0,10.0,35.0,107.93882251501569,94.0,Stockout Risk
P0183,Electronics Item 183,Electronics,2312,164244.8,70.99653696498055,514,3.171467764060357,2.254083603975876,3.7285904326119272,88.0,10.0,36.0,111.85771297835782,98.0,Optimal
P0200,Electronics Item 200,Electronics,2155,160805.58,74.76715189873417,474,2.9561042524005487,2.3907321509656536,3.47539462901328,82.0,10.0,34.0,104.2618388703984,92.0,Optimal
P0077,Beauty Item 077,Beauty,2302,160211.09,69.5511238095238,525,3.157750342935528,2.213886644542095,3.712463311363606,88.0,10.0,36.0,111.37389934090818,98.0,Optimal
P0131,Clothing Item 131,Clothing,2137,160035.84,75.05826883910387,491,2.9314128943758573,2.263302989319792,3.4463658107663013,82.0,10.0,34.0,103.39097432298904,92.0,Optimal
P0162,Clothing Item 162,Clothing,2120,158202.41,74.66872340425533,470,2.9080932784636486,2.203625046230045,3.4189497046441546,82.0,10.0,34.0,102.56849113932464,92.0,Stockout Risk
P0161,Beauty Item 161,Beauty,2263,153391.14,67.81951417004048,494,3.1042524005486967,2.361051925291223,3.649567538495152,89.0,10.0,36.0,109.48702615485456,99.0,Overstock Risk
P0075,Beauty Item 075,Beauty,2185,147538.38,67.52051652892563,484,2.9972565157750344,2.2005545886387,3.5237759927582446,87.0,10.0,35.0,105.71327978274734,97.0,Optimal
P0078,Electronics Item 078,Electronics,2056,147186.47,71.55269487750557,449,2.820301783264746,2.20462339224246,3.315736128654897,82.0,10.0,33.0,99.47208385964692,92.0,Stockout Risk
P0164,Clothing Item 164,Clothing,2057,145181.56,70.60226980728052,467,2.821673525377229,2.186826357820429,3.3173488407797294,83.0,10.0,33.0,99.52046522339188,93.0,Optimal
P0044,Beauty Item 044,Beauty,2136,135263.68,63.20517819706499,477,2.9300411522633745,2.22335713492486,3.444753098641469,89.0,10.0,34.0,103.34259295924409,99.0,Optimal
P0138,Kitchen Item 138,Kitchen,2337,132140.53,56.51830374753452,507,3.205761316872428,2.3627020089358863,3.7689082357327313,99.0,10.0,36.0,113.06724707198194,109.0,Optimal
P0179,Kitchen Item 179,Kitchen,2478,131506.5,53.05649446494465,542,3.39917695473251,2.2809561696672738,3.996300645334064,105.0,10.0,38.0,119.88901936002192,115.0,Optimal
P0049,Clothing Item 049,Clothing,2028,130391.58,64.34736725663717,452,2.7818930041152266,2.182839925846059,3.2705801891595976,86.0,10.0,33.0,98.11740567478792,96.0,Optimal
P0106,Beauty Item 106,Beauty,2062,130202.17,63.25316810344828,464,2.8285322359396434,2.289304224069366,3.3254124014038906,88.0,10.0,33.0,99.76237204211672,98.0,Optimal
P0147,Beauty Item 147,Beauty,2209,129619.33,58.55597916666667,480,3.0301783264746227,2.285014226195951,3.562481083754216,94.0,10.0,35.0,106.87443251262648,104.0,Stockout Risk
P0003,Clothing Item 003,Clothing,2152,129457.33,60.25908536585366,492,2.9519890260631003,2.0637433569413584,3.470556492638784,92.0,9.0,33.0,104.11669477916352,101.0,Overstock Risk
P0188,Kitchen Item 188,Kitchen,2254,128877.01,57.053952095808384,501,3.091906721536352,2.27651026837043,3.6350531293716632,96.0,10.0,35.0,109.0515938811499,106.0,Optimal
P0167,Beauty Item 167,Beauty,2250,128744.23,57.07855371900826,484,3.08641975308642,2.218074284712248,3.628602280872334,96.0,10.0,35.0,108.85806842617002,106.0,Optimal
P0018,Kitchen Item 018,Kitchen,2203,128672.83,58.4027463312369,477,3.021947873799726,2.207015957567405,3.5528048110052235,94.0,10.0,35.0,106.5841443301567,104.0,Stockout Risk
P0132,Kitchen Item 132,Kitchen,2391,126625.07,53.205603773584905,530,3.279835390946502,2.2967191507070206,3.855994690473668,103.0,10.0,37.0,115.67984071421004,113.0,Optimal
P0026,Garden Item 026,Garden,2111,124147.95,58.899145833333336,480,2.895747599451304,2.1112077481575104,3.404435295520666,92.0,9.0,33.0,102.13305886562,101.0,Optimal
P0151,Garden Item 151,Garden,2323,120922.91,51.98506048387097,495,3.186556927297668,2.209851421251622,3.746330265985081,103.0,10.0,36.0,112.38990797955243,113.0,Overstock Risk
P0059,Toys & Games Item 059,Toys & Games,2257,120910.42,53.53354901960785,510,3.0960219478738,2.139840356975679,3.6398912657461593,100.0,9.0,34.0,109.19673797238478,109.0,Optimal
P0117,Kitchen Item 117,Kitchen,2330,120547.77,51.65885880077369,517,3.196159122085048,2.173317002606026,3.757619250858906,103.0,9.0,35.0,112.72857752576718,112.0,Optimal
P0137,Toys & Games Item 137,Toys & Games,2275,117674.2,51.68456611570248,484,3.120713305898492,2.1999246727906736,3.668920083993138,102.0,10.0,36.0,110.06760251979416,112.0,Optimal
P0061,Kitchen Item 061,Kitchen,2230,117020.62,52.427980000000005,500,3.0589849108367626,2.146068783251108,3.5963480383756914,100.0,9.0,34.0,107.89044115127074,109.0,Optimal
P0011,Clothing Item 011,Clothing,2041,117017.0,57.27004255319149,470,2.7997256515775035,2.22787579715008,3.2915454467824152,92.0,10.0,33.0,98.74636340347246,102.0,Stockout Risk
P0196,Clothing Item 196,Clothing,2206,112890.17,51.2098353909465,486,3.0260631001371743,2.246076625936784,3.55764294737972,101.0,10.0,35.0,106.7292884213916,111.0,Optimal
P0177,Beauty Item 177,Beauty,2293,111109.64,48.62098,499,3.1454046639231823,2.2415738458978405,3.6979489022401166,105.0,10.0,36.0,110.9384670672035,115.0,Stockout Risk
P0133,Electronics Item 133,Electronics,2228,111058.11,49.88026694045174,487,3.056241426611797,2.156917464817378,3.593122614126027,103.0,9.0,34.0,107.79367842378082,112.0,Optimal
P0052,Garden Item 052,Garden,2207,110222.56,49.957,470,3.027434842249657,2.3223634611204456,3.559255659504552,102.0,10.0,35.0,106.77766978513657,112.0,Stockout Risk
P0149,Clothing Item 149,Clothing,2054,108593.52,52.84921108742004,469,2.8175582990397805,2.26664946109689,3.3125107044052333,96.0,10.0,33.0,99.375321132157,106.0,Stockout Risk
P0024,Kitchen Item 024,Kitchen,2073,107532.73,51.963904555314535,460,2.843621399176955,2.153483083238718,3.343152234777044,97.0,9.0,32.0,100.29456704331132,106.0,Optimal
P0020,Toys & Games Item 020,Toys & Games,2293,106675.66,46.5548418972332,506,3.1454046639231823,2.256780354094354,3.6979489022401166,108.0,10.0,36.0,110.9384670672035,118.0,Overstock Risk
P0175,Toys & Games Item 175,Toys & Games,2215,105865.24,47.84908366533865,502,3.03840877914952,2.180316328884789,3.572157356503209,104.0,9.0,34.0,107.16472069509628,113.0,Optimal
P0122,Beauty Item 122,Beauty,2231,105423.58,47.2223044397463,473,3.0603566529492454,2.379306111891733,3.597960750500523,105.0,10.0,35.0,107.93882251501569,115.0,Stockout Risk
P0047,Kitchen Item 047,Kitchen,2267,104950.34,46.330231092436975,476,3.1097393689986284,2.271180712987896,3.656018386994481,107.0,10.0,36.0,109.68055160983442,117.0,Stockout Risk
P0062,Toys & Games Item 062,Toys & Games,2228,104700.7,46.97414342629482,502,3.056241426611797,2.1414946453607624,3.593122614126027,106.0,9.0,34.0,107.79367842378082,115.0,Optimal
P0115,Garden Item 115,Garden,2182,104220.77,47.77329192546584,482,2.993141289437586,2.1904168941751045,3.518937856383749,104.0,10.0,35.0,105.56813569151244,114.0,Overstock Risk
P0154,Clothing Item 154,Clothing,2266,104052.08,45.93972222222222,503,3.108367626886145,2.098940404597476,3.6544056748696487,108.0,9.0,35.0,109.63217024608946,117.0,Stockout Risk
P0145,Toys & Games Item 145,Toys & Games,2048,102519.61,50.07987341772152,474,2.809327846364883,2.174840464109058,3.30283443165624,98.0,9.0,32.0,99.0850329496872,107.0,Overstock Risk
P0195,Beauty Item 195,Beauty,2116,102139.31,48.2909670781893,486,2.9026063100137174,2.077432779324342,3.4124988561448264,102.0,9.0,33.0,102.3749656843448,111.0,Overstock Risk
P0012,Electronics Item 012,Electronics,2081,102078.21,48.99580086580087,462,2.8545953360768177,2.1623335099434065,3.356053931775701,100.0,9.0,32.0,100.68161795327104,109.0,Optimal
P0105,Garden Item 105,Garden,2208,101318.73,45.80285714285714,483,3.02880658436214,2.269354613450401,3.560868371629384,107.0,10.0,35.0,106.82605114888152,117.0,Stockout Risk
P0046,Clothing Item 046,Clothing,2340,100972.79,43.12388998035364,509,3.2098765432098766,2.3047520872505523,3.773746372107228,113.0,10.0,36.0,113.21239116321684,123.0,Stockout Risk
P0125,Electronics Item 125,Electronics,2308,100198.92,43.35945564516129,496,3.1659807956104253,2.193818146063922,3.722139584112599,112.0,10.0,36.0,111.66418752337798,122.0,Stockout Risk
P0064,Clothing Item 064,Clothing,2191,99636.59,45.397072164948455,485,3.0054869684499312,2.1993148026352585,3.533452265507237,107.0,10.0,35.0,106.00356796521712,117.0,Overstock Risk
P0054,Kitchen Item 054,Kitchen,2376,99374.1,41.83707930367505,517,3.259259259259259,2.252694613114952,3.8318040086011846,116.0,10.0,37.0,114.95412025803554,126.0,Optimal
P0009,Toys & Games Item 009,Toys & Games,2192,98924.64,45.18384133611691,479,3.006858710562414,2.3272843570516324,3.5350649776320693,107.0,10.0,35.0,106.05194932896208,117.0,Optimal
P0103,Home Decor Item 103,Home Decor,2266,98722.33,43.64322245322245,481,3.108367626886145,2.195085230326871,3.6544056748696487,111.0,10.0,36.0,109.63217024608946,121.0,Overstock Risk
P0050,Beauty Item 050,Beauty,2285,98624.84,43.16003960396039,505,3.13443072702332,2.1184846870264344,3.68504720524146,112.0,9.0,35.0,110.5514161572438,121.0,Optimal
P0031,Clothing Item 031,Clothing,2115,95302.24,45.021403508771925,456,2.9012345679012346,2.134641567375728,3.4108861440199942,105.0,9.0,33.0,102.32658432059982,114.0,Optimal
P0140,Kitchen Item 140,Kitchen,2099,95239.6,45.32906779661017,472,2.8792866941015087,2.1517167625989515,3.38508275002268,104.0,9.0,33.0,101.55248250068038,113.0,Overstock Risk
P0190,Kitchen Item 190,Kitchen,2119,93176.91,43.984451345755694,483,2.906721536351166,2.0925675696039647,3.4173369925193224,107.0,9.0,33.0,102.52010977557968,116.0,Optimal
P0030,Kitchen Item 030,Kitchen,2449,91935.49,37.58509293680297,538,3.359396433470508,2.231083423351564,3.949531993713932,124.0,10.0,38.0,118.48595981141796,134.0,Optimal
P0058,Home Decor Item 058,Home Decor,2139,91905.02,43.01688984881209,463,2.934156378600823,2.159794559045542,3.4495912350159657,108.0,9.0,33.0,103.48773705047896,117.0,Optimal
P0060,Clothing Item 060,Clothing,2136,91848.3,43.063653061224485,490,2.9300411522633745,2.10694812847702,3.444753098641469,108.0,9.0,33.0,103.34259295924409,117.0,Optimal
P0029,Toys & Games Item 029,Toys & Games,2259,89754.92,39.72271457085829,501,3.098765432098765,2.139724085408361,3.643116689995824,116.0,9.0,35.0,109.29350069987473,125.0,Optimal
P0055,Toys & Games Item 055,Toys & Games,2074,89750.38,43.16707423580786,458,2.8449931412894376,2.400825443557,3.344764946901876,106.0,10.0,33.0,100.34294840705628,116.0,Optimal
P0118,Kitchen Item 118,Kitchen,2431,89748.2,36.89157996146435,519,3.3347050754458163,2.3125381198858195,3.9205031754669535,125.0,10.0,37.0,117.6150952640086,135.0,Optimal
P0158,Home Decor Item 158,Home Decor,2210,89685.84,40.57477911646587,498,3.031550068587105,2.1968379879089204,3.564093795879048,113.0,10.0,35.0,106.92281387637144,123.0,Optimal
P0152,Beauty Item 152,Beauty,2177,89140.29,40.90388286334056,461,2.9862825788751715,2.353748107135472,3.510874295759588,112.0,10.0,35.0,105.32622887278762,122.0,Overstock Risk
P0043,Toys & Games Item 043,Toys & Games,2099,87733.39,41.84004237288136,472,2.8792866941015087,2.1428178797881445,3.38508275002268,109.0,9.0,33.0,101.55248250068038,118.0,Overstock Risk
P0085,Home Decor Item 085,Home Decor,2239,87375.55,39.028224489795925,489,3.0713305898491083,2.2728687027030525,3.610862447499181,116.0,10.0,35.0,108.3258734249754,126.0,Optimal
P0004,Kitchen Item 004,Kitchen,2379,87319.59,36.67278106508876,506,3.263374485596708,2.2360679774997902,3.8366421449756816,124.0,10.0,37.0,115.09926434927044,134.0,Optimal
P0040,Garden Item 040,Garden,2251,87230.89,38.73382289416846,463,3.0877914951989025,2.3248857662818905,3.6302149929971663,117.0,10.0,35.0,108.906449789915,127.0,Overstock Risk
P0039,Electronics Item 039,Electronics,2198,87177.87,39.69517598343685,483,3.015089163237312,2.2772131391856343,3.5447412503810627,114.0,10.0,35.0,106.34223751143188,124.0,Optimal
P0170,Home Decor Item 170,Home Decor,2140,83483.94,39.04667381974249,466,2.9355281207133057,2.1505349116231782,3.451203947140798,114.0,9.0,33.0,103.53611841422394,123.0,Optimal
P0087,Toys & Games Item 087,Toys & Games,2184,83068.81,38.04085953878407,477,2.995884773662552,2.329163790687484,3.5221632806334124,116.0,10.0,35.0,105.66489841900236,126.0,Optimal
P0156,Clothing Item 156,Clothing,2212,82422.45,37.22160164271047,487,3.034293552812071,2.253888758184309,3.5673192201287125,118.0,10.0,35.0,107.01957660386138,128.0,Stockout Risk
P0036,Home Decor Item 036,Home Decor,2240,82364.54,36.71149897330596,487,3.072702331961591,2.3834649527087897,3.612475159624013,120.0,10.0,35.0,108.37425478872038,130.0,Optimal
P0113,Home Decor Item 113,Home Decor,2351,81032.43,34.40554054054054,518,3.224965706447188,2.285573204424012,3.7914862054803815,127.0,10.0,37.0,113.74458616441144,137.0,Overstock Risk
P0010,Home Decor Item 010,Home Decor,2323,80566.06,34.74695564516129,496,3.186556927297668,2.276495816600093,3.746330265985081,125.0,10.0,36.0,112.38990797955243,135.0,Optimal
P0028,Electronics Item 028,Electronics,2041,80202.45,39.21793478260869,460,2.7997256515775035,2.092195133683365,3.2915454467824152,111.0,9.0,32.0,98.74636340347246,120.0,Optimal
P0086,Kitchen Item 086,Kitchen,2421,77978.06,32.22458891013384,523,3.320987654320988,2.191081820012225,3.904376054218632,133.0,10.0,37.0,117.13128162655896,143.0,Optimal
P0027,Electronics Item 027,Electronics,2375,77412.85,32.60226824457593,507,3.2578875171467763,2.3251107769746526,3.830191296476353,131.0,10.0,37.0,114.90573889429058,141.0,Optimal
P0093,Beauty Item 093,Beauty,2211,76557.61,34.62478079331942,479,3.0329218106995883,2.2534582514209536,3.5657065080038803,123.0,10.0,35.0,106.97119524011642,133.0,Optimal
P0099,Clothing Item 099,Clothing,2083,76348.09,36.64869198312236,474,2.857338820301784,2.1454636436168424,3.359279356025365,116.0,9.0,33.0,100.77838068076096,125.0,Optimal
P0193,Toys & Games Item 193,Toys & Games,2366,76155.93,32.199048543689315,515,3.2455418381344305,2.2500248698460568,3.815676887352864,132.0,10.0,37.0,114.4703066205859,142.0,Overstock Risk
P0135,Toys & Games Item 135,Toys & Games,2110,74251.95,35.223534482758616,464,2.8943758573388205,2.350018104131232,3.402822583395834,119.0,10.0,34.0,102.08467750187502,129.0,Stockout Risk
P0172,Garden Item 172,Garden,2133,73787.39,34.6318969072165,485,2.925925925925926,2.198890562740623,3.439914962266973,120.0,10.0,34.0,103.1974488680092,130.0,Stockout Risk
P0107,Clothing Item 107,Clothing,2156,72282.68,33.47736842105263,474,2.957475994513032,2.200896189580159,3.4770073411381124,123.0,10.0,34.0,104.31022023414336,133.0,Stockout Risk
P0017,Home Decor Item 017,Home Decor,2060,69036.01,33.537898230088494,452,2.825788751714678,2.329557700365472,3.3221869771542263,120.0,10.0,33.0,99.6656093146268,130.0,Overstock Risk
P0053,Home Decor Item 053,Home Decor,2174,68245.41,31.41991718426501,483,2.982167352537723,2.161886702134621,3.506036159385092,128.0,9.0,34.0,105.18108478155274,137.0,Stockout Risk
P0136,Home Decor Item 136,Home Decor,2207,67911.45,30.756767241379308,463,3.027434842249657,2.2679476661772786,3.559255659504552,130.0,10.0,35.0,106.77766978513657,140.0,Overstock Risk
P0112,Home Decor Item 112,Home Decor,2458,66628.6,27.160847784200385,519,3.371742112482853,2.335241268655458,3.964046402837421,146.0,10.0,38.0,118.92139208512263,156.0,Optimal
P0109,Garden Item 109,Garden,2252,65997.64,29.278399209486167,506,3.0891632373113853,2.2782939692162425,3.631827705122,135.0,10.0,35.0,108.95483115365997,145.0,Optimal
P0051,Beauty Item 051,Beauty,2293,65892.7,28.76025641025641,506,3.1454046639231823,2.167168400752669,3.6979489022401166,137.0,9.0,35.0,110.9384670672035,146.0,Optimal
P0191,Toys & Games Item 191,Toys & Games,2161,64581.17,29.88870707070707,495,2.9643347050754456,2.168422700333162,3.4850709017622727,130.0,9.0,33.0,104.5521270528682,139.0,Overstock Risk
P0101,Kitchen Item 101,Kitchen,2244,63475.52,28.35037037037037,486,3.078189300411523,2.3148177166839385,3.6189260081233416,137.0,10.0,35.0,108.56778024370026,147.0,Stockout Risk
P0094,Home Decor Item 094,Home Decor,2041,63251.02,31.05596881959911,449,2.7997256515775035,2.0752119250536367,3.2915454467824152,124.0,9.0,32.0,98.74636340347246,133.0,Overstock Risk
P0045,Beauty Item 045,Beauty,2295,63060.19,27.49439516129032,496,3.1481481481481484,2.284775250919458,3.701174326489781,140.0,10.0,36.0,111.03522979469344,150.0,Overstock Risk
P0121,Home Decor Item 121,Home Decor,2161,62372.13,28.865041841004185,477,2.9643347050754456,2.27984092045863,3.4850709017622727,133.0,10.0,34.0,104.5521270528682,143.0,Optimal
P0144,Toys & Games Item 144,Toys & Games,2083,61962.44,29.763187772925765,457,2.857338820301784,2.181804219686971,3.359279356025365,128.0,9.0,33.0,100.77838068076096,137.0,Optimal
P0092,Beauty Item 092,Beauty,2279,61365.46,27.02156126482213,506,3.1262002743484225,2.266629239341307,3.675370932492467,141.0,10.0,36.0,110.261127974774,151.0,Optimal
P0056,Electronics Item 056,Electronics,2365,60872.17,25.71328897338403,525,3.244170096021948,2.253248404473295,3.8140641752280313,147.0,10.0,37.0,114.42192525684094,157.0,Optimal
P0065,Home Decor Item 065,Home Decor,2174,60843.29,27.981247443762783,489,2.982167352537723,2.1399852084723565,3.506036159385092,135.0,9.0,34.0,105.18108478155274,144.0,Optimal
P0139,Clothing Item 139,Clothing,2410,59906.72,24.87627151051625,523,3.3058984910836764,2.1247701122035845,3.886636220845478,151.0,9.0,36.0,116.59908662536436,160.0,Overstock Risk
P0100,Toys & Games Item 100,Toys & Games,2153,59373.08,27.61690082644628,484,2.953360768175583,2.210322422770107,3.472169204763616,135.0,10.0,34.0,104.16507614290848,145.0,Overstock Risk
P0182,Beauty Item 182,Beauty,2197,58451.22,26.62821428571429,476,3.0137174211248285,2.200786920498735,3.5431285382562305,139.0,10.0,35.0,106.29385614768692,149.0,Optimal
P0081,Home Decor Item 081,Home Decor,2087,57348.68,27.395032679738563,459,2.8628257887517146,2.2339885998299662,3.3657302045246937,134.0,10.0,34.0,100.9719061357408,144.0,Optimal
P0169,Kitchen Item 169,Kitchen,2301,57282.94,24.872091097308488,483,3.156378600823045,2.4072388961455182,3.710850599238774,148.0,10.0,36.0,111.32551797716322,158.0,Stockout Risk
P0007,Home Decor Item 007,Home Decor,2163,57132.84,26.417731092436973,476,2.967078189300412,2.2440909679524625,3.488296326011937,139.0,10.0,34.0,104.64888978035812,149.0,Optimal
P0141,Clothing Item 141,Clothing,2233,56943.89,25.47794466403162,506,3.063100137174211,2.2823793009387,3.6011861747501874,144.0,10.0,35.0,108.03558524250562,154.0,Optimal
P0127,Toys & Games Item 127,Toys & Games,2074,56523.44,27.25827956989248,465,2.8449931412894376,2.198899596709869,3.344764946901876,134.0,10.0,33.0,100.34294840705628,144.0,Optimal
P0074,Clothing Item 074,Clothing,2269,56402.74,24.90646034816248,516,3.112482853223594,2.0996746390172114,3.659243811244145,146.0,9.0,35.0,109.77731433732436,155.0,Optimal
P0089,Garden Item 089,Garden,2138,54810.0,25.650691144708425,463,2.93278463648834,2.286481433256788,3.447978522891133,140.0,10.0,34.0,103.439355686734,150.0,Optimal
P0160,Kitchen Item 160,Kitchen,2349,54360.65,23.15206831119545,527,3.2222222222222223,2.1734613340819133,3.788260781230717,155.0,9.0,36.0,113.64782343692151,164.0,Overstock Risk
P0025,Kitchen Item 025,Kitchen,2182,53976.88,24.67578288100209,479,2.993141289437586,2.131789633012928,3.518937856383749,144.0,9.0,34.0,105.56813569151244,153.0,Optimal
P0013,Stationery Item 013,Stationery,2244,53591.78,23.87932135728543,501,3.078189300411523,2.1312108952986133,3.6189260081233416,149.0,9.0,34.0,108.56778024370026,158.0,Optimal
P0192,Beauty Item 192,Beauty,2103,52959.97,25.19854700854701,468,2.8847736625514404,2.138151841193081,3.3915335985220088,140.0,9.0,33.0,101.74600795566026,149.0,Overstock Risk
P0184,Kitchen Item 184,Kitchen,2069,51571.27,24.89678004535148,441,2.8381344307270235,2.2125976901474163,3.336701386277716,140.0,10.0,33.0,100.10104158833148,150.0,Overstock Risk
P0042,Clothing Item 042,Clothing,2178,51338.66,23.5700875273523,457,2.9876543209876543,2.321688116355031,3.5124870078844195,148.0,10.0,35.0,105.3746102365326,158.0,Overstock Risk
P0197,Toys & Games Item 197,Toys & Games,2071,51316.44,24.79478651685393,445,2.840877914951989,2.223292754254499,3.33992681052738,140.0,10.0,33.0,100.1978043158214,150.0,Optimal
P0038,Stationery Item 038,Stationery,2225,50914.38,22.863130081300813,492,3.052126200274349,2.253195994469225,3.5882844777515306,151.0,10.0,35.0,107.64853433254592,161.0,Stockout Risk
P0176,Toys & Games Item 176,Toys & Games,2289,50144.5,21.931235059760954,502,3.139917695473251,2.152706680095648,3.691498053740788,157.0,9.0,35.0,110.74494161222364,166.0,Optimal
P0014,Electronics Item 014,Electronics,1994,48645.46,24.42690109890109,455,2.735253772290809,2.2338304653012058,3.215747976915304,139.0,10.0,33.0,96.47243930745913,149.0,Overstock Risk
P0108,Beauty Item 108,Beauty,2217,46718.08,21.05497925311204,482,3.0411522633744856,2.151110488734879,3.5753827807528733,157.0,9.0,34.0,107.2614834225862,166.0,Optimal
P0033,Beauty Item 033,Beauty,2153,46354.28,21.52432489451477,474,2.953360768175583,2.146660771907827,3.472169204763616,153.0,9.0,33.0,104.16507614290848,162.0,Optimal
P0037,Beauty Item 037,Beauty,2164,45953.29,21.23381156316917,467,2.9684499314128945,2.2169777203180496,3.4899090381367697,155.0,10.0,34.0,104.69727114410308,165.0,Overstock Risk
P0163,Stationery Item 163,Stationery,2079,45092.81,21.71862144420131,457,2.851851851851852,2.1188079195351417,3.3528285075260365,150.0,9.0,32.0,100.5848552257811,159.0,Optimal
P0069,Stationery Item 069,Stationery,2027,44977.91,22.21941684665227,463,2.780521262002744,2.182603042784865,3.268967477034765,147.0,9.0,32.0,98.06902431104297,156.0,Optimal
P0023,Stationery Item 023,Stationery,2252,43896.11,19.51117886178862,492,3.0891632373113853,2.2246833412281624,3.631827705122,165.0,10.0,35.0,108.95483115365997,175.0,Optimal
P0142,Stationery Item 142,Stationery,2264,41283.71,18.246254980079684,502,3.1056241426611795,2.1820581209308187,3.651180250619984,171.0,9.0,35.0,109.53540751859953,180.0,Stockout Risk
P0008,Beauty Item 008,Beauty,2259,41050.66,18.143529411764707,510,3.098765432098765,2.1038643570504294,3.643116689995824,171.0,9.0,35.0,109.29350069987473,180.0,Optimal
P0159,Stationery Item 159,Stationery,2359,40719.09,17.28448742746615,517,3.235939643347051,2.134620022851005,3.804387902479039,179.0,9.0,36.0,114.13163707437116,188.0,Overstock Risk
P0124,Stationery Item 124,Stationery,2307,39290.72,16.997890625,512,3.1646090534979425,2.2171641510167466,3.720526871987767,179.0,10.0,36.0,111.615806159633,189.0,Overstock Risk
P0076,Stationery Item 076,Stationery,2121,38506.04,18.13125813449024,461,2.909465020576132,2.314678892618011,3.420562416768987,166.0,10.0,34.0,102.61687250306962,176.0,Optimal
P0041,Garden Item 041,Garden,2235,38443.2,17.176506986027945,501,3.065843621399177,2.1965841745601606,3.604411598999852,175.0,10.0,35.0,108.13234796999556,185.0,Optimal
P0143,Stationery Item 143,Stationery,2189,38289.95,17.50192229038855,489,3.0027434842249656,2.1319099562798005,3.530226841257573,172.0,9.0,34.0,105.9068052377272,181.0,Optimal
P0157,Home Decor Item 157,Home Decor,2442,38115.41,15.631718146718146,518,3.349794238683128,2.248452846842996,3.938243008840107,192.0,10.0,38.0,118.1472902652032,202.0,Optimal
P0097,Kitchen Item 097,Kitchen,2192,37549.57,17.14527083333333,480,3.006858710562414,2.167258096036663,3.5350649776320693,174.0,9.0,34.0,106.05194932896208,183.0,Optimal
P0110,Garden Item 110,Garden,2060,37257.7,18.097549668874173,453,2.825788751714678,2.2391476632654155,3.3221869771542263,164.0,10.0,33.0,99.6656093146268,174.0,Optimal
P0002,Toys & Games Item 002,Toys & Games,2216,36432.22,16.42707724425887,479,3.039780521262003,2.138562337002285,3.573770068628041,178.0,9.0,34.0,107.21310205884124,187.0,Stockout Risk
P0079,Garden Item 079,Garden,2372,36293.87,15.299980620155038,516,3.253772290809328,2.2581696509228246,3.825353160101856,191.0,10.0,37.0,114.7605948030557,201.0,Optimal
P0034,Stationery Item 034,Stationery,2025,35145.63,17.36657894736842,456,2.7777777777777777,2.208077735825755,3.2657420527851007,166.0,10.0,33.0,97.97226158355302,176.0,Stockout Risk
P0072,Clothing Item 072,Clothing,2413,35094.7,14.547236842105264,532,3.310013717421125,2.200976255131437,3.891474357219975,198.0,10.0,37.0,116.74423071659923,208.0,Stockout Risk
P0068,Toys & Games Item 068,Toys & Games,2113,33987.73,16.112425531914894,470,2.898491083676269,2.1773653850378407,3.40766071977033,176.0,9.0,33.0,102.2298215931099,185.0,Optimal
P0082,Stationery Item 082,Stationery,2211,33378.7,15.097412008281571,483,3.0329218106995883,2.201394554852532,3.5657065080038803,186.0,10.0,35.0,106.97119524011642,196.0,Optimal
P0198,Home Decor Item 198,Home Decor,2136,32779.79,15.36746887966805,482,2.9300411522633745,2.219850280533404,3.444753098641469,181.0,10.0,34.0,103.34259295924409,191.0,Optimal
P0057,Beauty Item 057,Beauty,2181,30570.47,14.017875536480686,466,2.9917695473251027,2.3661403484576686,3.517325144258916,191.0,10.0,35.0,105.51975432776749,201.0,Stockout Risk
P0088,Stationery Item 088,Stationery,2173,30443.89,13.962757894736844,474,2.98079561042524,2.247406776627533,3.504423447260259,191.0,10.0,35.0,105.13270341780778,201.0,Optimal
P0098,Stationery Item 098,Stationery,2180,30323.0,13.917142857142856,482,2.99039780521262,2.1970663795387293,3.515712432134084,192.0,10.0,35.0,105.47137296402252,202.0,Overstock Risk
P0180,Toys & Games Item 180,Toys & Games,2279,29808.33,13.076116504854369,515,3.1262002743484225,2.19385055154848,3.675370932492467,203.0,10.0,36.0,110.261127974774,213.0,Optimal
P0120,Stationery Item 120,Stationery,1973,29536.43,14.962230046948356,426,2.7064471879286693,2.223478196113987,3.181881022293829,176.0,10.0,32.0,95.45643066881487,186.0,Stockout Risk
P0130,Stationery Item 130,Stationery,2233,29328.04,13.120673469387755,489,3.063100137174211,2.376994373045244,3.6011861747501874,200.0,10.0,35.0,108.03558524250562,210.0,Optimal
P0111,Toys & Games Item 111,Toys & Games,1849,27820.05,15.05840095465394,419,2.536351165980796,2.20024487856804,2.9819047188146426,170.0,10.0,31.0,89.45714156443928,180.0,Optimal
P0126,Beauty Item 126,Beauty,2234,27311.93,12.202794411177646,501,3.0644718792866943,2.295391547272366,3.60279888687502,208.0,10.0,35.0,108.0839666062506,218.0,Overstock Risk
P0048,Kitchen Item 048,Kitchen,2248,26285.3,11.718330097087378,515,3.083676268861454,2.168653078452551,3.62537685662267,213.0,9.0,34.0,108.76130569868008,222.0,Stockout Risk
P0194,Stationery Item 194,Stationery,2336,25955.88,11.103965183752418,517,3.2043895747599453,2.183924457762974,3.767295523607899,223.0,10.0,36.0,113.01886570823696,233.0,Stockout Risk
P0084,Home Decor Item 084,Home Decor,2116,25811.56,12.217008733624455,458,2.9026063100137174,2.25501881127028,3.4124988561448264,202.0,10.0,34.0,102.3749656843448,212.0,Optimal
P0199,Stationery Item 199,Stationery,2229,25218.67,11.325743380855396,491,3.05761316872428,2.2250776460111465,3.5947353262508592,215.0,10.0,35.0,107.84205978752578,225.0,Optimal
P0150,Toys & Games Item 150,Toys & Games,2058,25175.76,12.236666666666666,447,2.823045267489712,2.249520502807484,3.318961552904561,199.0,10.0,33.0,99.56884658713685,209.0,Optimal
P0035,Home Decor Item 035,Home Decor,1911,23514.43,12.283954545454543,440,2.6213991769547325,2.1960720502257125,3.081892870554236,191.0,10.0,32.0,92.45678611662709,201.0,Stockout Risk
P0119,Stationery Item 119,Stationery,2182,23408.42,10.71774193548387,465,2.993141289437586,2.15509803357002,3.518937856383749,219.0,9.0,34.0,105.56813569151244,228.0,Overstock Risk
P0165,Home Decor Item 165,Home Decor,2296,23156.8,10.100347648261758,488,3.149519890260631,2.2156296435147964,3.702787038614613,231.0,10.0,36.0,111.0836111584384,241.0,Optimal
P0187,Stationery Item 187,Stationery,2338,22686.82,9.705644171779142,489,3.207133058984911,2.387461660521895,3.7705209478575634,238.0,10.0,36.0,113.1156284357269,248.0,Optimal
P0174,Stationery Item 174,Stationery,2109,22364.6,10.618125,464,2.8930041152263373,2.2534109345830187,3.4012098712710013,216.0,10.0,34.0,102.03629613813004,226.0,Stockout Risk
P0015,Beauty Item 015,Beauty,2167,21514.38,9.928354430379748,473,2.972565157750343,2.1703660418638338,3.4947471745112657,227.0,9.0,33.0,104.84241523533797,236.0,Overstock Risk
P0019,Beauty Item 019,Beauty,2336,20349.46,8.726861598440546,512,3.2043895747599453,2.1780043135772287,3.767295523607899,251.0,9.0,35.0,113.01886570823696,260.0,Optimal
P0116,Clothing Item 116,Clothing,2145,19891.67,9.276479166666666,480,2.94238683127572,2.154536530624488,3.4592675077649586,233.0,9.0,33.0,103.77802523294876,242.0,Optimal
P0070,Kitchen Item 070,Kitchen,2293,17944.9,7.837454909819639,499,3.1454046639231823,2.3593905588231703,3.6979489022401166,262.0,10.0,36.0,110.9384670672035,272.0,Optimal
P0129,Kitchen Item 129,Kitchen,2377,17004.15,7.166817288801571,509,3.2606310013717423,2.1317574808474964,3.833416720726017,279.0,9.0,36.0,115.00250162178052,288.0,Optimal
P0168,Stationery Item 168,Stationery,2294,16883.11,7.352585858585859,495,3.146776406035665,2.2418616476036783,3.699561614364949,271.0,10.0,36.0,110.98684843094848,281.0,Overstock Risk
P0153,Kitchen Item 153,Kitchen,2172,15851.75,7.28818947368421,475,2.9794238683127574,2.154498879798108,3.502810735135427,265.0,9.0,34.0,105.0843220540628,274.0,Overstock Risk
P0185,Stationery Item 185,Stationery,2195,15569.42,7.093795309168443,469,3.010973936899863,2.157290157939496,3.539903114006566,270.0,9.0,34.0,106.197093420197,279.0,Overstock Risk
P0066,Garden Item 066,Garden,2204,14710.43,6.660600414078675,483,3.0233196159122087,2.2345941069342143,3.554417523130056,279.0,10.0,35.0,106.63252569390168,289.0,Overstock Risk
P0173,Stationery Item 173,Stationery,2301,14570.83,6.347573385518591,511,3.156378600823045,2.336305780445467,3.710850599238774,292.0,10.0,36.0,111.32551797716322,302.0,Overstock Risk
P0006,Stationery Item 006,Stationery,2209,14486.93,6.560767716535433,508,3.0301783264746227,2.0637420007538507,3.562481083754216,282.0,9.0,34.0,106.87443251262648,291.0,Optimal
P0181,Toys & Games Item 181,Toys & Games,2381,14148.35,5.928068833652008,523,3.2661179698216736,2.137650093449275,3.839867569225346,308.0,9.0,36.0,115.19602707676036,317.0,Optimal
P0146,Home Decor Item 146,Home Decor,2178,13943.28,6.400105708245243,472,2.9876543209876543,2.253561102540888,3.5124870078844195,283.0,10.0,35.0,105.3746102365326,293.0,Stockout Risk
P0095,Kitchen Item 095,Kitchen,2093,13454.61,6.4415536105032825,456,2.871056241426612,2.1199422741864367,3.375406477273687,277.0,9.0,33.0,101.26219431821062,286.0,Stockout Risk
P0102,Kitchen Item 102,Kitchen,2256,13260.83,5.876483739837399,492,3.094650205761317,2.2893602456385644,3.638278553621327,301.0,10.0,35.0,109.14835660863982,311.0,Optimal
P0171,Stationery Item 171,Stationery,2132,12384.99,5.81708695652174,460,2.9245541838134432,2.263975468055765,3.438302250142141,294.0,10.0,34.0,103.14906750426422,304.0,Optimal
P0022,Kitchen Item 022,Kitchen,2186,12252.34,5.603831578947369,475,2.998628257887517,2.304736406730303,3.5253887048830768,303.0,10.0,35.0,105.7616611464923,313.0,Overstock Risk
P0104,Stationery Item 104,Stationery,2449,12190.69,4.983988764044944,534,3.359396433470508,2.366724231815468,3.949531993713932,340.0,10.0,38.0,118.48595981141796,350.0,Stockout Risk
P0083,Home Decor Item 083,Home Decor,1982,10973.74,5.523418013856813,433,2.718792866941015,2.2606016686271406,3.196395431417318,291.0,10.0,32.0,95.89186294251957,301.0,Optimal
P0114,Home Decor Item 114,Home Decor,2301,10686.71,4.638551307847083,497,3.156378600823045,2.226073171625609,3.710850599238774,342.0,10.0,36.0,111.32551797716322,352.0,Overstock Risk
P0032,Stationery Item 032,Stationery,2152,10621.95,4.932542016806722,476,2.9519890260631003,2.169059905977405,3.470556492638784,321.0,9.0,33.0,104.11669477916352,330.0,Optimal
P0063,Stationery Item 063,Stationery,2257,10588.13,4.676549586776859,484,3.0960219478738,2.2467392391874057,3.6398912657461593,337.0,10.0,35.0,109.19673797238478,347.0,Optimal
P0001,Kitchen Item 001,Kitchen,2237,9954.32,4.446793587174349,498,3.0685871056241427,2.1125961922544025,3.607637023249517,344.0,9.0,34.0,108.2291106974855,353.0,Stockout Risk
P0005,Home Decor Item 005,Home Decor,2255,8480.6,3.7720523138833,496,3.093278463648834,2.276085955014756,3.636665841496496,375.0,10.0,35.0,109.09997524489486,385.0,Overstock Risk
P0128,Kitchen Item 128,Kitchen,2297,8102.83,3.528060606060606,495,3.150891632373114,2.3387217170110826,3.704399750739445,392.0,10.0,36.0,111.13199252218337,402.0,Optimal
P0186,Beauty Item 186,Beauty,2240,8090.7,3.6111354581673294,502,3.072702331961591,2.160607623420616,3.612475159624013,382.0,9.0,34.0,108.37425478872038,391.0,Stockout Risk
P0091,Stationery Item 091,Stationery,2174,7104.19,3.2737894736842104,475,2.982167352537723,2.3813379847009384,3.506036159385092,395.0,10.0,35.0,105.18108478155274,405.0,Overstock Risk
P0148,Home Decor Item 148,Home Decor,2197,5809.04,2.645286624203822,470,3.0137174211248285,2.2078187352639365,3.5431285382562305,442.0,10.0,35.0,106.29385614768692,452.0,Optimal
P0080,Stationery Item 080,Stationery,2193,5558.72,2.53410752688172,465,3.0082304526748973,2.183662413249569,3.536677689756902,451.0,10.0,35.0,106.10033069270706,461.0,Stockout Risk
